year,day,rain,maxt,mint,meant,soilt,rhmean,vp,vpd,windspeed,radn
2025,72,0.0,24.5,11.05,17.775,16.447916,62.541668,11.774689,0.8574341,11.887528,15.72
2025,73,0.0,24.15,7.1,15.625,15.48125,71.25,11.285812,0.64654917,2.823393,16.3
2025,74,0.0,27.45,8.1,17.775002,16.487501,72.291664,13.003544,0.7345486,3.8231103,18.28
2025,75,0.0,26.0,9.35,17.675,16.672916,61.958332,10.911859,0.9309352,9.28582,19.57
2025,76,0.0,20.6,7.7,14.15,13.358334,50.333332,7.104204,0.90375924,11.440591,19.76
2025,77,4.8,10.7605,2.9605,6.8605,6.382437,71.875,7.0179105,0.29047856,6.5996766,7.2
2025,78,0.3,10.960501,-0.8395,5.0605,6.3875833,73.875,5.8711615,0.28885677,3.4609632,19.42
2025,79,0.0,13.710501,-3.2895,5.2105002,5.583577,68.333336,5.098341,0.37534878,3.7842226,20.97
